DateTime,Temperature,Humidity,Wind Speed,general diffuse flows,diffuse flows,Zone 1 Power Consumption,Zone 2  Power Consumption,Zone 3  Power Consumption
01-01-2017,9.675298611,68.51930556,0.315145833,121.3907708,25.99392361,28465.23207,17737.79129,17868.79518
02-01-2017,12.476875,71.45631944,0.0765625,120.4044861,27.22740972,28869.49367,19557.72543,17820.76305
03-01-2017,12.1,74.98166667,0.076715278,120.6860139,28.57465972,30562.44726,20057.2695,17620.80321
04-01-2017,10.50947917,75.45979167,0.082416667,122.9593194,28.82722222,30689.83122,20102.077,17673.69478
05-01-2017,10.86644444,71.04048611,0.083895833,118.7498611,29.7414375,30802.91139,20033.94124,17664.17671
06-01-2017,11.68520833,77.25777778,0.145951389,63.70045139,59.3335625,30712.23629,20139.76697,17481.08434
07-01-2017,12.01881944,76.21708333,0.082930556,88.99876389,48.84979167,30612.70042,19252.43161,17985.94377
08-01-2017,14.72465278,69.10923611,0.081305556,71.08220833,46.38775694,29559.91561,17221.12462,17810.60241
09-01-2017,15.49013889,68.33236111,0.074173611,110.4336667,55.82734028,30540.25316,19102.63425,17417.79116
10-01-2017,14.01958333,75.67840278,0.078291667,112.4984167,47.99520139,31863.29114,19405.26849,17425.34137
11-01-2017,13.28173611,66.88777778,0.084986111,105.3607431,55.91807639,31057.76371,18717.42654,17307.59036
12-01-2017,13.89555556,75.76416667,0.076805556,101.7178542,70.149,32075.94937,19837.23404,17507.38956
13-01-2017,14.630625,81.34305556,0.074680556,60.06761806,61.13746528,31476.07595,19515.62817,17051.68675
14-01-2017,14.98798611,68.53708333,0.082895833,63.07376389,56.10359028,30834.68354,18788.62715,17716.14458
15-01-2017,14.23263889,70.70347222,0.082756944,114.7656042,87.08761806,26771.51899,19632.62411,17620.04016
16-01-2017,13.36597222,61.18909722,0.081784722,88.96383333,91.19340278,30587.25738,19720.87133,17505.94378
17-01-2017,11.37173611,63.79208333,0.084159722,127.4320486,128.3338611,31831.64557,19180.54711,17854.97992
18-01-2017,13.68138889,52.67979167,0.083090278,63.72349306,65.34704861,32860.50633,21175.6079,18573.49398
19-01-2017,11.641875,67.79041667,0.0843125,58.05861111,59.19175694,32140.21097,20905.95238,18239.91968
20-01-2017,11.16986111,60.58222222,0.827986111,72.23779861,75.507625,31783.16456,20637.38602,17631.56627
21-01-2017,11.18423611,62.97277778,0.330111111,130.4620486,141.7653542,31928.01688,20048.86018,18346.10442
22-01-2017,12.83909722,63.60173611,0.084173611,57.78878472,58.98938889,30921.68776,16761.27153,17849.23695
23-01-2017,11.41805556,71.93284722,0.084520833,129.0916736,140.9937222,32505.40084,19702.20365,18078.8755
24-01-2017,10.84140278,60.18784722,0.08525,144.5482153,161.2955556,31583.24895,19651.67173,17995.22088
25-01-2017,9.884284722,61.51763889,0.964791667,145.4972014,162.4507986,32303.67089,20058.308,17658.95582
26-01-2017,11.22036111,68.71520833,0.084958333,142.4687431,86.33370139,32694.64135,20066.46403,18061.20482
27-01-2017,11.85484028,71.71111111,0.087013889,140.2434861,32.01271528,32296.75105,20191.692,17724.01606
28-01-2017,13.52138889,59.90111111,2.814541667,143.5080556,30.51161806,31298.22785,19075.10132,17792.89157
29-01-2017,14.56006944,60.06652778,4.917513889,143.1144444,52.51061111,29260.59072,16838.22188,17504.69879
30-01-2017,16.61868056,68.65555556,4.915354167,70.37559722,62.82386806,31524.00844,18932.95339,17577.99197
31-01-2017,15.26756944,70.53381944,4.916673611,50.24169444,50.89472222,31593.96624,19179.10334,17762.00803
01-02-2017,11.24159722,56.07770833,4.919805556,163.0627708,177.6045139,31374.19492,19077.12766,17562.57286
02-02-2017,11.11259028,60.56298611,4.91675,113.1161667,118.6721736,31880.9322,19304.22999,17783.23618
03-02-2017,13.89006944,64.120625,2.703979167,78.49979167,80.97660417,30736.01695,18653.95137,17049.36683
04-02-2017,11.276875,63.99138889,0.083465278,97.13318056,103.8700972,30666.61017,17635.66363,17805.58794
05-02-2017,8.984631944,50.14993056,0.087791667,164.2919931,124.5409444,28260.04237,16458.45998,17380.58291
06-02-2017,10.51395833,50.349375,0.086111111,124.5973681,61.26788889,30540.63559,18529.43262,17080.36181
07-02-2017,8.627868056,69.4475,0.083875,48.95958333,45.49729167,30711.86441,18618.87031,17078.67337
08-02-2017,8.781958333,84.14243056,3.243131944,74.08236806,61.11032639,30636.52542,18604.86322,16994.21106
09-02-2017,12.82145833,63.51861111,4.917472222,131.6605347,37.50530556,30714.02542,18803.62209,17037.94975
10-02-2017,12.14909722,79.81652778,4.916666667,69.16770139,66.10753472,30708.98305,19290.85613,17219.13568
11-02-2017,12.73319444,74.36243056,2.489743056,106.4823681,76.66683333,31052.66949,18591.51469,17523.33668
12-02-2017,11.93354167,87.92569444,0.076944444,72.24051389,59.44981944,29977.54237,17305.52178,17726.99498
13-02-2017,12.24395833,75.60340278,0.083222222,146.4645139,43.71253472,32350.50847,19501.62107,17409.92965
14-02-2017,14.08916667,63.46666667,0.083173611,161.7767222,91.68936806,29677.83898,20024.64539,17169.20603
15-02-2017,15.20354167,66.55180556,0.081472222,113.6575208,97.51704861,30919.0678,19976.84904,17535.75879
16-02-2017,13.774375,66.69548611,0.082583333,112.0359375,100.5769167,31357.9661,20202.05167,17506.05025
17-02-2017,11.41208333,72.35631944,0.080097222,63.47520833,61.62498611,31651.27119,19329.50861,16930.09045
18-02-2017,12.65333333,79.06597222,0.072118056,26.44494444,26.71560417,31432.37288,18066.08409,17323.17588
19-02-2017,13.78645833,70.2775,0.073631944,47.47260417,47.52315972,30051.05932,18087.68997,18063.799
20-02-2017,13.03916667,74.32159722,0.075340278,79.88744444,81.83072917,32140.25424,20066.03343,17588.86432
21-02-2017,12.21375694,70.08458333,0.083243056,165.3667361,174.8612639,31934.02542,19838.09524,17231.8794
22-02-2017,14.83208333,61.01868056,0.082680556,194.1457778,209.1342222,31783.05085,19099.11348,17468.90452
23-02-2017,15.27166667,61.08166667,0.961118056,195.0398403,207.6146667,32610.42373,18417.55319,17771.29648
24-02-2017,13.82340278,57.84777778,0.083388889,198.5930417,144.8742569,31259.95763,19221.58055,16684.98492
25-02-2017,12.62511806,57.35138889,0.085208333,195.1474097,56.3879375,30633.77119,18140.52685,17267.45729
26-02-2017,14.46534722,61.85458333,0.084277778,194.1713472,61.10373611,30008.00848,17072.26444,17222.91457
27-02-2017,15.11701389,62.04180556,0.081569444,195.3026389,69.86713194,31352.11864,19127.40628,17041.44724
28-02-2017,15.42708333,59.35256944,0.082965278,189.2543056,77.27929861,31179.36441,19013.06991,16922.29146
01-03-2017,15.33048611,74.48604167,0.087541667,197.4601181,73.43806944,31144.89362,18950.60976,17079.51613
02-03-2017,16.14277778,77.284375,1.544666667,196.6312917,60.05318056,30991.91489,19578.68394,16982.58065
03-03-2017,16.77493056,71.11791667,4.913722222,196.5992083,73.88630556,31079.95745,19490.06606,16922.90323
04-03-2017,14.70270833,70.44472222,4.915472222,120.8650764,114.5608403,30998.12766,17706.07215,17185.12097
05-03-2017,13.64875,56.93451389,3.943104167,218.7640764,92.99929861,29519.10638,16571.92581,16760
06-03-2017,13.24604167,69.77145833,0.077722222,208.7199722,105.6838542,31990.7234,19109.60366,16710.60484
07-03-2017,12.27336111,77.14041667,0.078451389,217.1788333,115.7838403,31124.38298,19913.33842,16801.69355
08-03-2017,12.85569444,76.930625,0.104895833,145.1654167,93.51473611,32636,18455.69106,16775.80645
09-03-2017,12.95722222,82.20416667,0.0755625,131.9935486,109.972375,31187.74468,19614.91362,17182.5
10-03-2017,15.245,72.05118056,0.080430556,206.0116111,63.424125,30931.91489,19049.41565,16890.3629
11-03-2017,15.36631944,67.47673611,3.606875,223.0970833,46.31427083,30939.48936,17918.62297,17900
12-03-2017,14.823125,64.73125,0.086423611,209.3152292,50.14406944,29463.57447,16985.5437,17666.04839
13-03-2017,13.39055556,76.01263889,0.081041667,216.8590347,59.31726389,31480.85106,18791.26016,17280.32258
14-03-2017,14.58076389,77.21840278,0.074729167,158.1542639,92.14725694,31078.29787,19072.38313,17504.35484
15-03-2017,13.35847222,68.133125,0.082326389,220.6359375,59.38032639,32479.82979,19296.34146,17111.85484
16-03-2017,12.35333333,76.98625,0.080180556,93.68853472,66.50291667,32600.34043,19542.83537,17367.98387
17-03-2017,12.10555556,80.94583333,0.074111111,95.44116667,81.06627778,31442.38298,18428.68394,17264.87903
18-03-2017,11.52076389,85.21111111,0.080604167,48.24248611,44.22402083,31103.91489,17700.4065,17142.66129
19-03-2017,11.99388889,77.23965278,0.080652778,40.67515972,37.47313194,29831.40426,16417.02236,16793.99194
20-03-2017,12.93506944,77.479375,0.081166667,116.3131875,87.81792361,31133.70213,19037.83028,16666.20968
21-03-2017,14.03243056,76.39152778,0.079131944,128.9388056,72.59279167,30730.12766,18936.96646,16676.49194
22-03-2017,13.21347222,82.010625,0.079104167,139.6434375,82.82365972,31426.46809,19343.49593,16467.21774
23-03-2017,11.49527778,63.65375,0.0820625,162.4177153,132.6185486,31182.29787,18978.96341,16733.46774
24-03-2017,13.10347222,59.8475,0.084416667,195.7667917,132.0958542,30556.42553,18879.52236,16342.21774
25-03-2017,13.30951389,58.41118056,0.084395833,199.5941875,152.5924306,30270.80851,17556.02134,16589.83871
26-03-2017,16.603125,61.67,0.081916667,249.9671319,145.1858264,29538.38298,15423.14533,16496.45161
27-03-2017,17.88451389,69.75347222,0.0838125,253.838,167.0563333,31709.78723,17800.05081,16966.77419
28-03-2017,19.55020833,61.36381944,1.198902778,258.5567014,189.5675139,30837.53191,18588.82114,16843.42742
29-03-2017,19.18694444,56.74618056,4.91925,251.3742431,154.2725347,33045.02128,17898.62805,16576.20968
30-03-2017,19.61027778,61.24104167,4.273986111,254.3844722,74.20304167,32051.40426,18328.83638,17300.44355
31-03-2017,18.38305556,73.21201389,0.075208333,257.5269583,82.78372917,31303.31915,18830.36077,16396.33065
01-04-2017,16.2275,82.61388889,0.070965278,62.49668056,56.61925,32420.58127,15425.53462,18278.66667
02-04-2017,15.18659722,86.61736111,0.072152778,72.0024375,64.85149306,29012.96017,14779.09878,18370.90909
03-04-2017,14.99604167,86.49027778,0.102958333,84.39921528,75.95950694,31676.46932,17494.37373,18513.05051
04-04-2017,16.14354167,81.71208333,0.070833333,135.0657222,117.386375,31584.24112,17957.28106,18729.29293
05-04-2017,15.93340278,78.69590278,0.070895833,53.53482639,49.87463194,31660.02153,17601.47658,19076.68687
06-04-2017,14.429375,76.09215278,0.0725,30.10327778,27.33463889,31913.97201,17888.74745,19365.69697
07-04-2017,13.62284722,85.96458333,1.5576875,26.64331944,24.049375,31597.71798,17314.79124,18862.86869
08-04-2017,14.05715278,89.58541667,0.068444444,34.48170139,31.36902083,31266.17869,16373.778,19213.41414
09-04-2017,15.01375,86.05694444,0.070604167,98.94367361,92.29748611,29716.34015,15166.87882,18714.62626
10-04-2017,15.194375,84.56944444,0.071118056,110.6739861,106.7998681,31240.86114,17965.4277,18655.07071
11-04-2017,15.47694444,83.02986111,0.071506944,95.98963194,89.759,31511.30248,17668.81365,18576.08081
12-04-2017,16.13090278,85.37916667,0.07175,157.5102083,111.949875,31536.14639,17851.5275,18605.0101
13-04-2017,16.48104167,83.04583333,0.076041667,80.02733333,68.23761111,31604.04736,17720.11202,19337.69697
14-04-2017,17.00729167,78.53944444,0.077729167,156.4958264,100.6383472,31284.04736,17947.42872,18489.9798
15-04-2017,17.20145833,69.42194444,0.081833333,156.7749653,81.309375,31056.79225,17351.45112,19180.36364
16-04-2017,16.08833333,74.60069444,0.079208333,271.0497569,120.0762153,29239.35414,15318.12627,18885.57576
17-04-2017,16.57541667,65.895625,0.084833333,244.6377639,118.1966944,32091.88375,17932.23014,18716.48485
18-04-2017,16.61986111,56.65986111,0.084951389,286.7200694,126.454375,32152.76642,18259.16497,18576.28283
19-04-2017,15.56243056,71.47763889,0.077368056,286.2637708,76.27473611,32190.82885,18437.16904,18638.0202
20-04-2017,16.19173611,84.59305556,0.069840278,35.27977778,29.19775694,28433.24004,21631.49185,18881.29293
21-04-2017,16.66472222,85.68361111,0.073083333,107.9332917,94.56050694,32530.76426,17318.76273,18333.21212
22-04-2017,16.15465278,81.94444444,0.0735,153.9203611,114.4497847,31427.7718,17670.29022,18822.90909
23-04-2017,17.58430556,72.18166667,0.082951389,204.2126944,104.9008819,29384.19806,15529.55703,18247.87879
24-04-2017,18.03743056,66.96618056,0.083791667,202.2197083,112.5728264,31442.06674,18375.63646,18183.75758
25-04-2017,18.21625,66.10791667,0.080736111,185.1041319,89.14041667,31831.25942,18392.08248,18364.16162
26-04-2017,18.08333333,59.08423611,0.082006944,280.1852431,94.48877083,31789.45102,18600.3055,18363.51515
27-04-2017,17.22631944,60.93409722,0.080888889,289.6465903,85.26529167,31668.71905,19164.00204,17868.88889
28-04-2017,18.22451389,57.48840278,0.134152778,288.9592778,85.43940278,31550.22605,20167.48982,17670.22222
29-04-2017,18.92097222,57.01152778,0.594694444,296.4096458,84.35521528,31390.13994,18748.778,18323.67677
30-04-2017,20.08138889,58.83236111,2.439027778,294.2877083,95.27541667,28888.69752,16967.18432,17949.73737
01-05-2017,20.99847222,56.02819444,0.076638889,294.6697569,97.65371528,29366.46995,17601.28999,17447.24696
02-05-2017,22.915,49.80125,0.078354167,217.6409306,121.1157639,31934.3388,19782.27554,16943.15789
03-05-2017,22.47659722,46.99194444,0.0800625,206.8785,128.0961944,30554.66667,20009.46852,17051.45749
04-05-2017,19.07465278,68.69958333,0.0803125,130.4589931,113.9139792,32105.70492,20396.20743,17297.16599
05-05-2017,19.90395833,50.67854167,3.7133125,308.0857222,117.3067153,31792.2623,20672.42002,16813.88664
06-05-2017,18.57423611,69.94611111,1.970875,303.5006319,117.8152847,31787.45355,19412.3065,17513.84615
07-05-2017,21.06201389,55.71972222,0.235520833,312.3438264,131.0729306,29499.19126,17517.41486,17297.32793
08-05-2017,19.450625,65.485625,0.080979167,317.0095417,136.5957986,32498.97268,20177.42518,17445.74899
09-05-2017,19.45597222,80.58194444,3.754513889,269.2281806,118.0399722,32179.84699,20504.66976,17297.85425
10-05-2017,19.30965278,79.35951389,4.918041667,285.3223472,119.4412708,32841.61749,20581.70795,17334.61538
11-05-2017,19.80173611,79.56347222,3.954284722,299.4855486,163.2329583,32754.44809,20552.16718,17366.80162
12-05-2017,19.16631944,82.64583333,0.069847222,258.7441389,136.3548681,32365.72678,20176.62539,17098.09717
13-05-2017,24.58583333,54.28076389,0.651340278,291.0369167,171.7652153,31987.93443,18951.16099,17795.95142
14-05-2017,23.021875,45.36958333,1.559513889,317.0283333,168.0709236,30132.54645,17439.13829,17549.1498
15-05-2017,18.83013889,73.25861111,3.522375,297.8821528,174.6913125,32627.23497,20058.97833,17815.38462
16-05-2017,19.41041667,74.01590278,4.919847222,301.9104653,170.0221042,32700.24044,20586.68731,17632.75304
17-05-2017,19.23958333,77.996875,4.918881944,261.685375,167.4137708,32651.36612,20489.37049,17666.43725
18-05-2017,21.69916667,64.29569444,4.436722222,310.617125,123.1447917,32719.47541,20896.64603,17704.17004
19-05-2017,20.01708333,72.01486111,0.073520833,295.8683889,116.8489167,32147.5847,20058.10114,17124.69636
20-05-2017,19.88402778,75.15847222,0.068826389,310.4633194,82.53701389,32090.4918,19415.63467,18027.89474
21-05-2017,19.19020833,70.02694444,0.070159722,304.9456181,79.17310417,31507.06011,17107.35294,17591.01215
22-05-2017,18.86375,73.56576389,0.069805556,231.6885833,110.3161181,33288.91803,20784.00413,17287.32794
23-05-2017,17.57777778,72.71368056,2.551152778,201.8695139,102.0883958,33497.44262,20898.40041,17763.40081
24-05-2017,17.83138889,75.65347222,4.707451389,122.066375,92.92456944,33169.57377,20983.02374,17525.22267
25-05-2017,18.67763889,76.88895833,4.919277778,311.1361736,86.3443125,33610.92896,20418.16305,18073.60324
26-05-2017,19.09569444,81.29388889,4.919402778,309.0075069,91.15534722,33875.49727,21259.75232,17674.89879
27-05-2017,20.084375,81.55388889,4.059631944,293.0879028,136.1365417,33967.56284,20723.52941,18332.71255
28-05-2017,22.29020833,66.42069444,0.075180556,220.1138333,114.2990972,32540.6776,19078.43137,18413.68421
29-05-2017,23.61652778,59.14326389,1.582,312.8390417,116.3373472,34164.02186,20840.42828,18523.68421
30-05-2017,21.62201389,75.07875,4.922020833,282.4529653,108.6827431,33927.08197,20954.41176,18385.95142
31-05-2017,21.37354167,75.85381944,4.206555556,304.5883333,101.9091389,33989.94536,20968.73065,18458.98785
01-06-2017,21.27833333,77.35194444,0.880145833,300.8029444,99.51728472,34350.55188,21158.83576,18727.38462
02-06-2017,21.51409722,78.25270833,0.068666667,312.2395139,126.5963542,34905.96027,20815.46258,18479.79487
03-06-2017,21.396875,76.33194444,0.068618056,314.9722222,122.6842083,35975.36424,20108.47193,19207.46667
04-06-2017,21.09652778,80.13076389,0.068645833,155.5760833,119.5985,32234.70199,18743.00936,19195.11795
05-06-2017,21.41118056,81.93180556,0.068284722,193.4179306,131.2026528,34450.06623,20985.68087,19198.60513
06-06-2017,21.42763889,84.48194444,0.067444444,156.9015903,122.0386042,34280.0883,21861.53846,19352.32821
07-06-2017,21.459375,79.70625,0.0691875,273.2654306,126.9426528,34332.53863,21972.45322,19240.82051
08-06-2017,22.19493056,74.13736111,0.073319444,271.2932083,102.3881528,34885.12141,21905.35343,19279.26154
09-06-2017,22.74263889,64.27284722,0.077923611,280.4172847,131.8824931,34901.63355,20966.78794,18792.49231
10-06-2017,21.67819444,61.316875,0.081375,204.4165347,138.2914306,35553.81898,18515.09875,19443.77436
11-06-2017,21.76020833,55.61694444,0.080076389,244.9315417,150.0319722,33096.15894,18294.67256,19450.50256
12-06-2017,20.02416667,54.78430556,0.081090278,148.9896528,98.84648611,35526.18102,20772.01143,19470.07179
13-06-2017,20.51145833,51.23569444,0.080993056,260.8742083,163.0243819,35300.66225,21476.74116,19538.37949
14-06-2017,20.441875,56.05944444,0.080145833,190.8430903,104.0146597,35106.93157,22173.90852,19761.84615
15-06-2017,21.28763889,52.43763889,0.075868056,333.9561736,122.6172569,35532.98013,21797.14137,19967.8359
16-06-2017,21.18451389,65.555625,0.070333333,335.0657014,114.2234444,35390.37528,22397.34927,19830.35897
17-06-2017,21.74972222,75.34680556,0.064430556,331.7616389,82.98250694,35335.98234,20899.55821,21546.91282
18-06-2017,21.70819444,76.954375,0.067784722,328.1973056,81.1235,33874.87859,19476.92308,20589.66154
19-06-2017,21.58506944,79.024375,0.067951389,315.8615139,77.34424306,36308.96247,22190.98233,20817.84615
20-06-2017,22.89770833,74.16395833,0.069326389,279.5063194,68.45313194,37031.78808,21264.26715,21107.61026
21-06-2017,24.01861111,60.765625,1.518909722,324.1656667,84.08930556,37331.47903,21776.42931,20733.98974
22-06-2017,23.56951389,48.50923611,4.919173611,334.203,83.55913194,36639.2053,22531.08108,20866.29744
23-06-2017,23.19708333,54.39430556,4.919069444,331.6011042,81.35121528,36932.36203,21811.82432,20837.94872
24-06-2017,21.52395833,72.98895833,4.919680556,309.6080625,66.791125,36645.29801,19966.06029,22132.22564
25-06-2017,22.51944444,74.67041667,4.919229167,325.8840833,80.43695833,35451.65563,19653.58628,23210.99487
26-06-2017,22.78131944,79.095,4.918291667,312.2780694,68.2908125,31291.65563,17968.60707,22729.55897
27-06-2017,23.38909722,74.60583333,4.918736111,303.6807986,79.98476389,29103.66446,17486.17464,21924.02051
28-06-2017,24.61097222,63.64743056,4.919729167,314.2684861,89.03570833,32082.47241,20169.17879,22212.4718
29-06-2017,24.86215278,67.61368056,3.867479167,301.0926458,96.09454861,32148.07947,20005.89917,22661.33333
30-06-2017,24.45972222,63.91784722,4.918770833,299.2873264,99.21032639,32165.60706,20982.77027,22621.33333
01-07-2017,25.45715278,55.70666667,4.919472222,308.0921528,86.46275694,32224.62901,21104.45675,24162.38494
02-07-2017,24.365625,74,4.919465278,301.7176319,96.22419444,31603.80952,19498.78692,24409.37238
03-07-2017,24.94513889,80.13048611,4.918784722,196.4844444,135.4624653,33872.95681,22420.46413,24423.64017
04-07-2017,25.27513889,78.75347222,4.918930556,284.2735903,116.7887361,33084.0753,23811.07595,24873.09623
05-07-2017,25.63708333,78.43340278,4.918152778,285.4075208,65.88306944,35379.09192,22962.44726,25060.66946
06-07-2017,26.99270833,70.26472222,4.548555556,304.56,74.63547917,36044.96124,22044.83122,24744.93724
07-07-2017,29.42479167,50.14333333,2.746173611,304.9174097,78.55511806,33831.36213,23206.59283,24549.91632
08-07-2017,26.97194444,53.81166667,4.9119375,305.9316319,78.97452778,34662.90144,22203.48101,25836.40167
09-07-2017,26.39090278,60.10930556,4.911680556,307.4435208,76.3516875,32541.35105,20631.77743,26615.64854
10-07-2017,28.63291667,39.566875,4.913659722,316.2147986,71.01721528,35854.75083,24043.85549,27280
11-07-2017,25.95256944,55.58111111,4.911013889,309.3869444,71.74293056,36514.59579,24585.57489,27623.34728
12-07-2017,25.84555556,70.05409722,4.908118056,308.7992014,71.09072222,36926.77741,24700.05274,27997.57322
13-07-2017,25.69319444,74.67173611,4.905097222,308.7117569,76.79372222,36768.94795,24854.85232,27606.56904
14-07-2017,25.61847222,76.66763889,4.912854167,295.0225,59.16101389,34508.34994,23967.74789,28225.60669
15-07-2017,26.52097222,76.01520833,4.914340278,243.5338125,105.8223542,35529.12514,23943.75,29449.2887
16-07-2017,26.70909722,80.48388889,4.916694444,211.8234028,121.8910903,34962.34773,21809.04536,29578.45188
17-07-2017,28.50208333,57.784375,4.923277778,305.5626597,65.87804861,36876.98782,24650.63291,29239.20502
18-07-2017,29.27041667,38.761875,4.922256944,314.1286736,62.40081944,37241.50609,25256.03903,29595.94142
19-07-2017,28.35513889,43.07895833,4.914486111,312.6916528,59.10825694,37845.98007,24681.11814,30371.75732
20-07-2017,27.53583333,51.79534722,2.417840278,290.6936667,81.82519444,36726.73311,24972.23101,30074.8954
21-07-2017,32.42895833,29.35986111,1.202340278,299.7936111,69.37415278,35487.97342,24448.78692,29318.49372
22-07-2017,28.65916667,46.03659722,4.907916667,304.3200208,63.02385417,35269.50166,24016.42932,30545.77406
23-07-2017,27.36888889,41.41013889,4.907951389,315.9170417,52.63840278,33720.31008,22530.19515,31252.76151
24-07-2017,27.869375,46.026875,4.907298611,312.6679028,49.29061111,38043.32226,28354.53587,30630
25-07-2017,25.21527778,57.53375,4.908256944,304.1619375,53.16713889,38449.92248,26899.20886,32700.20921
26-07-2017,29.19694444,45.28784722,4.907013889,303.3342847,52.38872222,38169.6124,26363.81857,31872.05021
27-07-2017,28.38590278,47.90520833,4.907472222,271.810375,76.62990972,38322.56921,26910.0211,31783.17992
28-07-2017,29.93881944,44.01798611,4.907701389,290.8479792,58.92084028,37912.82392,26904.50949,29974.30962
29-07-2017,28.54125,43.05201389,4.908166667,312.1082917,41.40273611,38000.84164,25799.86814,27693.17992
30-07-2017,26.02104167,58.86222222,4.907145833,276.1186458,94.31811111,35813.95349,24166.21835,28235.89958
31-07-2017,25.591875,57.47027778,4.905083333,302.5952222,64.19770139,38586.09081,26842.08861,28292.88703
01-08-2017,26.40756944,74.77673611,4.907097222,272.7413681,93.13863194,37677.46948,25656.3358,27036.73981
02-08-2017,26.05368056,81.62180556,4.909277778,101.7302222,78.41020833,37194.62819,25694.93136,26051.66144
03-08-2017,26.63333333,59.76902778,4.907138889,276.8632569,74.73460417,37220.24417,26990.33791,25631.68234
04-08-2017,25.985625,68.43159722,4.904777778,176.2160764,108.7617014,37330.47725,27400.0792,26643.38558
05-08-2017,26.40826389,78.14909722,4.907173611,176.2658611,98.66665972,37556.75916,26289.01795,26805.47544
06-08-2017,27.70743056,76.17861111,4.907055556,228.0115208,93.26719444,35093.6293,24831.07181,26840.12539
07-08-2017,28.43701389,64.46472222,4.90525,176.7463681,94.1250625,38162.7081,27918.50581,26911.01358
08-08-2017,27.12013889,82.83722222,4.907118056,209.4203611,114.9279722,38733.49612,27295.61774,28017.55486
09-08-2017,28.153125,73.22256944,4.907069444,212.5071597,96.68200694,37142.41953,27358.02534,27310.09404
10-08-2017,29.54388889,45.43743056,4.904388889,219.7862639,89.19946528,36886.88124,26787.6188,26917.57576
11-08-2017,30.20263889,29.77243056,4.905298611,266.0840208,70.68613194,36716.93674,26164.14995,26341.85998
12-08-2017,27.67694444,37.10993056,4.904472222,254.4253681,68.45174306,36136.82575,25336.14044,26971.24347
13-08-2017,24.27944444,46.62708333,4.9033125,290.4439306,53.32945833,35035.78246,23883.87012,26443.26019
14-08-2017,23.57513889,46.35270833,4.907138889,282.9697917,54.90104167,35866.3707,24858.94931,25483.51097
15-08-2017,24.55986111,50.581875,4.906319444,281.3096042,35.39858333,37270.32186,25800.89757,25503.1139
16-08-2017,25.02791667,57.83861111,4.274493056,284.1440347,35.28298611,37440.71032,25603.32629,26307.54441
17-08-2017,24.87513889,59.13673611,0.070569444,278.3550903,36.17358333,37974.16204,26033.63252,26247.85789
18-08-2017,24.19347222,68.76763889,0.067041667,265.2315556,46.91834028,37316.80355,25550.92397,26394.81714
19-08-2017,25.25458333,77.94097222,3.535986111,245.1894167,55.05615278,37128.92342,24422.25449,26611.36886
20-08-2017,25.54416667,85.20763889,4.922479167,116.1379861,78.92626389,34785.57159,22845.03696,26054.00209
21-08-2017,25.31368056,66.89354167,4.921604167,250.87375,72.92734722,36030.49945,23703.77508,24599.24765
22-08-2017,24.101875,51.62152778,4.923756944,247.2475903,58.83346528,36551.74251,24347.75607,24079.91641
23-08-2017,23.69791667,55.39604167,4.9128125,273.0502569,37.4024375,36662.10877,24229.46146,24051.57785
24-08-2017,23.66201389,61.47430556,4.907993056,275.374875,31.15990972,36685.72697,23724.20803,23141.98537
25-08-2017,23.645,74.48479167,4.916375,264.5234792,45.35942361,36104.19534,23096.62091,22677.19958
26-08-2017,24.61430556,78.66902778,4.923902778,259.9651806,40.35715972,36206.88124,22771.7529,22244.30512
27-08-2017,25.01465278,79.46173611,4.921756944,236.8266736,67.55585417,35153.91787,21714.80993,21369.1536
28-08-2017,24.82409722,88.10763889,4.920097222,92.80229167,66.87461111,36161.46504,22150.60718,19365.60084
29-08-2017,25.05520833,88.55416667,4.920541667,116.1280972,80.93761806,35246.3485,21694.79937,18224.99478
30-08-2017,25.57041667,78.810625,4.9213125,175.0788611,86.386125,32954.49501,20837.93559,17351.72414
31-08-2017,25.05784722,59.89215278,4.923125,262.5214167,24.57422917,33062.37514,19350.26399,16486.1442
01-09-2017,23.72680556,59.55847222,4.923034722,253.8271181,33.39441667,29503.89381,16648.85655,15470.8478
02-09-2017,22.80930556,50.53972222,4.925131944,260.2591389,27.9730625,30945,17090.85239,16712.07354
03-09-2017,22.45333333,51.21701389,3.824347222,242.5245278,44.70884722,31516.59292,17444.82848,16778.26353
04-09-2017,22.11090278,62.76861111,0.238020833,235.28025,51.06190278,31898.18584,18712.0842,16164.16752
05-09-2017,22.54555556,70.54201389,0.288347222,242.6052639,43.4645625,33401.19469,18901.42931,16140.143
06-09-2017,23.61388889,76.33381944,0.281972222,195.3945694,74.45910417,32435.61947,20269.10083,16458.05924
07-09-2017,23.55520833,79.870625,0.281666667,183.8844583,61.37181944,34517.47788,21021.10187,16530.62308
08-09-2017,22.98756944,78.29055556,0.292145833,240.4183958,40.67960417,34321.63717,21364.31913,16478.20225
09-09-2017,23.45326389,72.72111111,0.295520833,234.1687083,30.06297917,33690.04425,20151.74116,16255.64862
10-09-2017,23.31319444,67.62277778,0.295090278,211.0567639,60.32606944,31890.17699,19304.20998,14040.7763
11-09-2017,23.83416667,63.20506944,0.292993056,202.8932708,66.88236806,33868.27434,21514.7869,14081.06231
12-09-2017,22.86381944,55.99395833,0.2744375,237.4219167,31.81583333,34891.46018,21267.56757,15199.30541
13-09-2017,23.16541667,58.705,0.279263889,209.0527222,73.70847917,35385.0885,22083.86175,15593.25843
14-09-2017,22.98881944,56.47701389,0.289527778,224.6416736,52.09013889,35559.64602,22360.39501,14826.27171
15-09-2017,23.80923611,50.165,0.308027778,242.8571528,39.08677083,34246.0177,21207.04262,14909.70378
16-09-2017,20.71368056,64.33284722,2.399458333,81.19142361,67.31406944,33550.66372,19485.13513,15131.39939
17-09-2017,19.84680556,64.71465278,4.9195,231.8835347,34.30043056,31889.33628,17542.09979,14585.86313
18-09-2017,22.10569444,82.35159722,4.915666667,85.751,70.31368056,33455.9292,20552.65073,14153.46272
19-09-2017,22.54076389,83.75416667,4.915763889,92.87131944,74.38891667,34008.9823,20831.52287,14443.47293
20-09-2017,23.63576389,78.25944444,4.92125,166.0374306,43.7786875,34025.13274,20799.24636,14035.79162
21-09-2017,26.41902778,43.54618056,4.922055556,224.1596319,35.73075694,33684.11504,20760.29106,13943.61593
22-09-2017,25.69111111,36.75270833,4.923645833,211.0327292,49.44193056,33303.62832,19219.93243,14289.76507
23-09-2017,22.34270833,65.44034722,4.923472222,208.5860278,42.14430556,33858.27434,19336.09667,15090.45965
24-09-2017,22.10736111,75.2725,4.920798611,149.55,63.72910417,32220.75221,18009.30353,14365.39326
25-09-2017,21.04111111,79.22645833,4.927868056,190.4325556,58.87968056,34550.26549,20932.87422,14114.89275
26-09-2017,21.05645833,77.073125,4.930493056,224.2656319,27.78536111,33527.56637,21431.49688,14560.7763
27-09-2017,22.03819444,75.51145833,4.918576389,171.5792361,52.09770139,35228.45133,21128.82017,14423.73851
28-09-2017,21.41986111,73.96229167,4.918486111,177.9605,46.54763889,34705.9292,23290.22869,12443.71808
29-09-2017,20.91861111,74.46131944,4.9191875,199.3812292,29.8070625,34351.50442,22416.29418,12431.86925
30-09-2017,20.02597222,76.91958333,4.920555556,205.3407708,31.49086111,31469.60177,20334.7973,14031.3381
01-10-2017,21.65590278,68.65034722,4.918618056,204.105875,30.34165278,32340,17679.33091,13566.76798
02-10-2017,23.45055556,52.77555556,4.921013889,178.1794722,67.92275,34032.99781,20132.46888,13620.06079
03-10-2017,23.39541667,53.64006944,4.924715278,166.5605764,61.88211111,34406.8709,20822.27697,13484.78217
04-10-2017,25.46416667,52.74590278,4.922916667,96.70479167,62.81485417,34055.22976,21061.87759,13614.46809
05-10-2017,24.68340278,58.563125,4.921222222,144.2428611,48.00525,33524.77024,22084.8029,13883.9311
06-10-2017,21.76513889,57.22222222,4.920006944,146.0054375,60.44450694,33514.48578,21456.0166,13731.83384
07-10-2017,20.02888889,52.94805556,4.920902778,189.6926458,22.88561111,33944.3326,20357.78008,14167.78115
08-10-2017,18.19326389,67.95048611,3.817159722,184.7404306,35.85330556,32635.88621,18559.1027,14192.09726
09-10-2017,19.47208333,73.71083333,0.079222222,131.7395694,54.15545833,33787.00219,20748.85892,13952.66464
10-10-2017,21.95256944,72.59090278,0.081743056,112.1389167,58.31634028,33500.70022,21267.06432,13610.17224
11-10-2017,22.34875,63.48368056,0.108881944,87.31635417,46.17700694,34249.40919,21029.33091,13815.07599
12-10-2017,20.57805556,72.61041667,0.081222222,123.6169167,47.24150694,34645.20788,21576.32261,13828.20669
13-10-2017,21.43131944,59.33791667,0.091479167,130.7350347,51.77213194,34045.95186,21581.58714,13389.01722
14-10-2017,19.59131944,75.57833333,0.092104167,157.8989861,38.17377083,34079.69365,21183.29875,13478.41945
15-10-2017,19.364375,79.04791667,0.077395833,126.6545556,53.80732639,32785.51422,18611.82573,13393.59676
16-10-2017,20.41513889,85.28333333,0.139916667,57.73161111,39.47265972,34242.18818,21688.38174,13256.21074
17-10-2017,20.57090278,84.23381944,0.080319444,65.27144444,48.21395139,34570.19694,21566.70124,13126.4843
18-10-2017,19.59465278,81.73381944,0.220069444,47.52144444,30.18225,33808.75273,22251.81535,13350.6383
19-10-2017,19.82743056,83.57020833,2.890180556,83.11027083,52.444,33550.32823,21786.79979,13589.26039
20-10-2017,20.91763889,76.32291667,4.924305556,161.8204653,26.67099306,32973.30416,21714.18568,12526.36272
21-10-2017,19.33076389,80.72048611,4.917354167,131.6104028,41.83134722,33065.12035,21001.68568,13083.80952
22-10-2017,19.56222222,80.68194444,4.917472222,137.3493264,55.34859028,31885.82057,18621.21369,13026.05876
23-10-2017,19.90763889,79.66777778,4.917125,55.04854167,45.16324306,33245.60175,21183.73963,13219.65552
24-10-2017,19.81763889,76.21972222,4.917819444,102.0774306,67.76420139,33586.52079,21731.5612,12999.02736
25-10-2017,20.11930556,80.40631944,2.977701389,76.13376389,45.89038889,31737.37418,23373.15871,13018.64235
26-10-2017,19.50451389,70.000625,0.083486111,63.07386806,40.43408333,30602.58206,24620.53942,12781.84397
27-10-2017,19.01680556,65.48694444,3.054486111,106.2104028,54.67578472,29697.24289,24170.35788,12669.5846
28-10-2017,16.95451389,77.70027778,4.9175,158.8733125,28.77875694,29818.73085,23860.24378,12437.60892
29-10-2017,18.20131944,79.04152778,4.918548611,107.9188681,56.53020139,28570.19694,21305.26452,12165.10638
30-10-2017,18.86569444,81.78888889,3.681861111,68.05613194,56.44539583,30251.46608,23985.19191,12014.71125
31-10-2017,19.16944444,70.86284722,0.075694444,28.8981875,24.49988194,30503.98249,24526.01141,12193.06991
01-11-2017,18.60638889,48.48555556,0.084666667,138.3617708,115.2623403,30039.95727,24413.61054,12124.41767
02-11-2017,20.06833333,56.88347222,0.082715278,139.3031458,120.4712222,29621.23932,24091.1157,12309.07631
03-11-2017,17.67625,76.07520833,0.079986111,117.3437639,103.4241736,29287.22222,23955.44938,12181.76707
04-11-2017,17.819375,75.27944444,0.076958333,149.0360069,146.2442292,29196.32479,23814.20455,12418.27309
05-11-2017,18.53652778,77.90618056,0.070555556,148.6081667,152.5657361,27486.83761,21146.56508,12042.16867
06-11-2017,19.83270833,74.3225,0.069597222,147.6117847,149.2069097,28511.28205,21899.66426,11877.59036
07-11-2017,20.44298611,72.17520833,0.070506944,102.7456667,92.72872917,29294.74359,23334.73657,11958.6747
08-11-2017,20.20229167,74.97006944,0.069430556,122.0315139,93.041625,28987.94872,23731.89566,14566.74699
09-11-2017,18.91777778,80.46694444,0.070631944,88.1866875,71.52966667,29138.11966,23827.78926,15358.31325
10-11-2017,18.07291667,76.88805556,0.072298611,131.6714444,74.418,28797.09402,23219.70558,14345.70281
11-11-2017,19.13111111,69.54847222,0.072520833,108.1247847,86.2358125,28211.88034,22879.4938,12098.91566
12-11-2017,17.800625,71.78368056,0.073847222,119.2638958,63.81722917,27206.66667,20463.40393,14752.36948
13-11-2017,19.50479167,64.83715278,0.071354167,140.9963056,42.011125,29159.01709,23331.81818,15423.65462
14-11-2017,18.335,73.56958333,0.071152778,130.5090556,42.40010417,29069.52991,23484.52996,15522.4498
15-11-2017,17.289375,72.31416667,0.082090278,129.1566389,49.4688125,29751.49573,23461.49277,13779.75904
16-11-2017,16.09875,73.14270833,0.077694444,131.2123194,41.66994444,30065.04274,22906.97314,15213.85542
17-11-2017,15.26020833,76.15736111,0.078097222,76.48702778,57.4248125,28701.79487,22936.75103,15813.93574
18-11-2017,15.35506944,81.35041667,3.328638889,131.6977778,36.14482639,28371.19658,20991.70971,15763.89558
19-11-2017,15.18833333,75.85541667,3.668986111,127.3949375,38.31959722,27354.91453,20646.02273,12332.32932
20-11-2017,17.40979167,59.23444444,0.081763889,108.5206042,37.187375,29020.51282,23842.94938,11789.23695
21-11-2017,13.48694444,50.96340278,1.973152778,132.552625,22.32794444,29386.83761,24025.07748,11619.15663
22-11-2017,12.20541667,64.80375,4.430513889,101.6640347,42.528625,29260.47009,23749.43182,11660
23-11-2017,10.32213194,69.80159722,4.804597222,117.1842917,33.38191667,29270.68376,23583.62603,11560.96386
24-11-2017,13.41291667,56.933125,4.635861111,124.0152708,24.22184028,28769.70085,23852.37603,11231.40562
25-11-2017,17.31784722,57.75763889,1.502222222,128.4180069,22.22672222,28772.09402,23594.83471,11341.08434
26-11-2017,15.80868056,63.24819444,3.966958333,125.2985208,19.94515972,28298.03419,21437.13843,11303.05221
27-11-2017,13.05125,79.35916667,0.579944444,121.5069931,27.51702083,29000.47009,24256.92149,11621.00402
28-11-2017,16.71152778,70.99201389,4.165402778,119.1783681,22.79651389,29775.59829,24475.30992,11602.16867
29-11-2017,16.91041667,66.28840278,3.392104167,107.1112153,28.05117361,30450.76923,24934.96901,11540.44177
30-11-2017,14.04458333,76.02263889,0.074805556,119.2489375,28.35392361,29805.7265,24924.35434,10722.48996
01-12-2017,17.141875,68.53555556,0.081743056,113.9435208,36.52752083,26995.90199,21047.63731,10530.61225
02-12-2017,16.13166667,63.79465278,0.082875,83.21208333,40.53173611,27669.37051,21498.44022,10936.53461
03-12-2017,14.08083333,70.36263889,1.247875,77.1569375,37.14458333,27016.6033,21116.19106,11059.58383
04-12-2017,13.88631944,71.67138889,2.049319444,95.56801389,39.30783333,29151.62653,23862.32996,10956.46258
05-12-2017,12.00618056,70.05604167,0.7165,121.7699306,37.62065278,29394.88804,24108.49443,11119.68788
06-12-2017,10.47467361,66.34125,0.7731875,120.5833056,24.51145833,29318.46219,24217.93495,11248.37935
07-12-2017,9.849875,73.57375,0.207145833,122.6412431,26.89502778,29148.24673,24631.78889,11041.57663
08-12-2017,12.43145833,61.935,0.082881944,124.0335556,31.51386806,28952.09125,24373.29958,11207.84314
09-12-2017,10.76783333,74.61152778,0.081034722,106.1746389,29.32529861,29243.00803,24124.78265,11336.17447
10-12-2017,10.55513889,77.75534722,0.082916667,92.20804861,53.97814583,27869.75074,22083.33333,11183.83353
11-12-2017,11.02334722,80.70659722,0.081458333,111.5433958,32.72574306,30070.00422,24005.83001,11887.7551
12-12-2017,18.23152778,47.37506944,0.083736111,111.1753125,43.95920833,29577.56654,24001.04838,10759.90396
13-12-2017,13.44979167,56.13319444,0.081333333,39.50278472,30.49004861,29584.19941,23855.6817,10866.70668
14-12-2017,12.90597222,67.633125,0.084576389,45.90214583,36.85794444,29721.71525,24472.53759,10833.85354
15-12-2017,15.27326389,65.94729167,0.081979167,47.96011111,45.08019444,29391.17026,24005.0629,10767.02681
16-12-2017,14.24770833,74.94215278,0.082652778,117.2751319,19.472625,28762.5264,22871.02383,10703.12125
17-12-2017,13.29993056,75.935,0.599361111,118.1249236,19.25042361,27212.58978,21915.05574,10669.78792
18-12-2017,12.45208333,84.36305556,0.082298611,112.8826944,27.92192361,29621.673,24280.55641,10582.23289
19-12-2017,13.22069444,82.36243056,0.080784722,117.7737153,28.59073611,29655.21758,24515.49555,10780.27211
20-12-2017,15.85208333,71.81395833,0.073465278,90.94306944,44.25578472,29736.45965,24401.14555,10848.61945
21-12-2017,16.254375,68.77645833,0.0750625,50.03563194,46.61829861,29631.51669,24075.50885,10666.90676
22-12-2017,15.33069444,72.55736111,0.074368056,92.74720139,32.91083333,28978.36924,23906.89884,10899.7599
23-12-2017,12.03229167,80.91243056,0.080354167,76.502125,38.71149306,28971.10266,23753.55426,11316.88675
24-12-2017,11.74159722,81.01236111,0.082694444,111.0497083,27.91710417,27467.30038,21547.94415,11164.98599
25-12-2017,10.62154861,76.29201389,0.083270833,115.6610347,24.04906944,29980.94635,24562.16119,11182.59304
26-12-2017,11.62184028,69.07090278,0.0830625,106.8366875,50.76038889,30013.47697,24757.00624,11395.67827
27-12-2017,15.23291667,59.44590278,0.082027778,95.89067361,41.7050625,29966.9624,25057.48185,11498.27931
28-12-2017,13.66236111,62.839375,0.081354167,112.6201597,30.20936111,30267.00465,24585.2511,11167.02681
29-12-2017,12.99048611,49.07875,0.078180556,122.2200208,23.97102083,29209.63245,24610.82131,11171.26851
30-12-2017,11.68899306,51.36166667,0.078173611,123.814125,24.03994444,28145.66962,24211.28669,11560.82433
